use QL_DangKyDoAn
go
-- Users --

insert into Users values ('AD001', '123456', N'Trần Phước Sang', 'tpsang@gmail.com', '01207553119', N'Võ Văn Tần, Q3, TPHCM', NULL, 0,1)
insert into Users values ('AD002', '123456', N'Nguyễn Nhật Minh', 'nnminh@gmail.com', '01693455776', N'Lý Thái Tổ, Q10, TPHCM', NULL, 0,1)
insert into Users values ('AD003', '123456', N'Nguyễn Mỹ Hằng', 'nmhang@gmail.com', '0902771463', N'Trần Hưng Đạo, Q1, TPHCM', NULL, 0,1)
insert into Users values ('AD004', '123456', N'Lê Thanh Ngọc', 'ltngoc@gmail.com', '0972741753', N'Tô Hiến Thành, Q10, TPHCM', NULL, 0,1)
insert into Users values ('AD005', '123456', N'Trần Thanh Quang', 'ttquang@gmail.com', '01699723749', N'Lê Hồng Phong, Q10, TPHCM', NULL, 0,1)

insert into Users values ('GV001', '123456', N'Trần Trà Hương', 'ntthuonghan@gmail.com', '01207538083', N'Lạc Long Quân, Q10, TPHCM', NULL, 1,1)
insert into Users values ('GV002', '123456', N'Nguyễn Thùy Anh', 'ntanh@gmail.com', '0909623774', N'Tô Hiến Thành, Q10, TPHCM', NULL, 1,1)
insert into Users values ('GV003', '123456', N'Nguyễn Ngọc Ánh', 'nnanh@gmail.com', '0903862749', N'Bà Hạt, Q10, TPHCM', NULL, 1,1)
insert into Users values ('GV004', '123456', N'Trương Nam Sơn', 'tnson@gmail.com', '0903842753', N'Thành Thái, Q10, TPHCM', NULL, 1,1)
insert into Users values ('GV005', '123456', N'Lý Hoàng Hà', 'lhha@gmail.com', '01207567463', N'Trần Hưng Đạo, Q1, TPHCM', NULL, 1,1)

insert into Users values ('GV006', '123456', N'Trần Bạch Tuyết', 'tbtuyet@gmail.com', '01207593467', N'Lê Lai, Q1, TPHCM', NULL, 1,1)
insert into Users values ('GV007', '123456', N'Nguyễn An Trung', 'natrung@gmail.com', '01693779868', N'An Dương Vương, Q5, TPHCM', NULL, 1,1)
insert into Users values ('GV008', '123456', N'Trần Trung Hiếu', 'tthieu@gmail.com', '01699527827', N'Đất Thánh, Q.Tân Bình, TPHCM', NULL, 1,1)
insert into Users values ('GV009', '123456', N'Trần Hoàng Nam', 'thnam@gmail.com', '0986412635', N'Nguyễn Cư Trinh, Q1, TPHCM', NULL, 1,1)
insert into Users values ('GV010', '123456', N'Phạm Nam Thanh', 'ptnam@gmail.com', '0903511236', N'Hùng Vương, Q5, TPHCM', NULL, 1,1)

insert into Users values ('GV011', '123456', N'Trần Quốc Thắng', 'tqthang@gmail.com', '01207741963', N'Võ Văn Ngân, Thủ Đức, TPHCM', NULL, 1,1)
insert into Users values ('GV012', '123456', N'Nguyễn Thanh Huy', 'nthuy@gmail.com', '0972136172', N'Lê Lai, Q1, TPHCM', NULL, 1,1)
insert into Users values ('GV013', '123456', N'Nguyễn Hoàng Quân', 'nhquan@gmail.com', '0909714513', N'Phạm Ngũ Lão, Q1, TPHCM', NULL, 1,1)
insert into Users values ('GV014', '123456', N'Lê Thanh Hải', 'lthai@gmail.com', '01207746717', N'Lê Hồng Phong, Q10, TPHCM', NULL, 1,1)
insert into Users values ('GV015', '123456', N'Đỗ Thanh Hằng', 'dthang@gmail.com', '01693456779', N'Đề Thám, Q1, TPHCM', NULL, 1,1)

insert into Users values ('11001', '123456', N'Nguyễn Hoài An', 'nhan@gmail.com', '01207567489', N'25/3 Lạc Long Quân, Q10, TPHCM', 11, 2,1)
insert into Users values ('11002', '123456', N'Nguyễn Quốc An', 'nqan@gmail.com', '0967514576', N'Trần Hưng Đạo, Q1, TPHCM', 11, 2,1)
insert into Users values ('11003', '123456', N'Nguyễn Ngọc Anh', 'ngocanh@gmail.com', '0968456723', N'12/11 Võ Văn Ngân, Thủ Đức, TPHCM', 11, 2,1)
insert into Users values ('11004', '123456', N'Nguyễn Bảo Anh', 'nbanh@gmail.com', '0972551451', N'221, Hùng Vương, Q5, TPHCM', 11, 2,1)
insert into Users values ('11005', '123456', N'Nguyễn Quốc Anh', 'nqanh@gmail.com', '0972789465', N'Lý Thái Tổ, Q3, TPHCM', 11, 2,1)

insert into Users values ('11006', '123456', N'Trần Ngọc Ánh', 'tnanh@gmail.com', '01693751251', N'Bà Hạt, Q10, TPHCM', 11, 2,1)
insert into Users values ('11007', '123456', N'Nguyễn Mỹ Anh', 'nmanh@gmail.com', '01207623677', N'Thành Thái, Q10, TPHCM', 11, 2,1)
insert into Users values ('11008', '123456', N'Trần Hoài An', 'than@gmail.com', '0986742896', N'225, An Dương Vương, Q5, TPHCM', 11, 2,1)
insert into Users values ('11009', '123456', N'Nguyễn Thúy An', 'ntan@gmail.com', '0972558958', N'Đề Thám, Q1, TPHCM', 11, 2,1)
insert into Users values ('11010', '123456', N'Trần Hoài Bảo', 'thbao@gmail.com', '0967231564', N'Trần Hưng Đạo, Q1, TPHCM', 11, 2,1)

insert into Users values ('11011', '123456', N'Nguyễn Hoài Thu', 'nhthu@gmail.com', '01697456231', N'Lý Thái Tổ, Q3, TPHCM', 11, 2,1)
insert into Users values ('11012', '123456', N'Nguyễn Anh Thư', 'nathu@gmail.com', '01207458762', N'Võ Văn Tần, Q3, TPHCM', 11, 2,1)
insert into Users values ('11013', '123456', N'Võ Hoài Anh', 'vhanh@gmail.com', '01695423561', N'15/11 Võ Văn Ngân, Thủ Đức, TPHCM', 11, 2,1)
insert into Users values ('11014', '123456', N'Lưu Đăng Anh', 'ldanh@gmail.com', '01699367757', N'223, An Dương Vương, Q5, TPHCM', 11, 2,1)
insert into Users values ('11015', '123456', N'Trần Minh Tâm', 'tmtam@gmail.com', '01699512689', N'Thành Thái, Q10, TPHCM', 11, 2,1)

insert into Users values ('11016', '123456', N'Huỳnh Yến Linh', 'hylinh@gmail.com', '0967746234', N'Hàm Nghi, Q1, TPHCM', 11, 2,1)
insert into Users values ('11017', '123456', N'Nguyễn Tiến Đạt', 'ntdat@gmail.com', '0967512479', N'12/11 Hoàng Diệu, Thủ Đức, TPHCM', 11, 2,1)
insert into Users values ('11018', '123456', N'Nguyễn Ngọc Trân', 'nntran@gmail.com', '0967256793', N'Cô Bắc, Q1, TPHCM', 11, 2,1)
insert into Users values ('11019', '123456', N'Nguyễn Hoàng Anh', 'hoanganh@gmail.com', '0968450120', N'Đề Thám, Q1, TPHCM', 11, 2,1)
insert into Users values ('11020', '123456', N'Trần Minh Hoàng', 'tmhoang@gmail.com', '0968551451', N'Trần Hưng Đạo, Q1, TPHCM', 11, 2,1)

insert into Users values ('11021', '123456', N'Trần Minh Ngọc', 'tmngoc@gmail.com', '0968772551', N'Trần Hưng Đạo, Q1, TPHCM', 11, 2,1)
insert into Users values ('11022', '123456', N'Nguyễn Hoàng Minh', 'nhminh@gmail.com', '0969412637', N'Đề Thám, Q1, TPHCM', 11, 2,1)
insert into Users values ('11023', '123456', N'Nguyễn Lan Ngọc', 'nlngoc@gmail.com', '0903969851', N'Phạm Ngũ Lão, Q1, TPHCM', 11, 2,1)
insert into Users values ('11024', '123456', N'Lê Quang Minh', 'lqminh@gmail.com', '0972866772', N'Lê Lai, Q1, TPHCM', 11, 2,1)
insert into Users values ('11025', '123456', N'Đinh Quốc Sơn', 'dqson@gmail.com', '0909412776', N'Hùng Vương, Q5, TPHCM', 11, 2,1)

insert into Users values ('11026', '123456', N'Huỳnh Bảo Trân', 'hbtran@gmail.com', '01693719864', N'Thành Thái, Q10, TPHCM', 11, 2,1)
insert into Users values ('11027', '123456', N'Đỗ Bích Ngọc', 'dbngoc@gmail.com', '01207662779', N'Điện Biên Phủ, Q10, TPHCM', 11, 2,1)
insert into Users values ('11028', '123456', N'Trần Quốc Thiên', 'tqthien@gmail.com', '01699567727', N'Trần Hưng Đạo, Q1, TPHCM', 11, 2,1)
insert into Users values ('11029', '123456', N'Nguyễn Thanh Sơn', 'ntson@gmail.com', '0968742564', N'Hoàng Diệu, Thủ Đức, TPHCM', 11, 2,1)
insert into Users values ('11030', '123456', N'Trần Đình Bảo', 'tdbao@gmail.com', '0969672551', N'Trần Bình Trọng, Q5, TPHCM', 11, 2,1)
 
insert into Users values ('12001', '123456', N'Trần Thùy Anh', 'thuyanh@gmail.com', '0967153253', N'Cống Quỳnh, Q1, TPHCM', 12, 2,1)
insert into Users values ('12002', '123456', N'Trần Như Hảo', 'tnhao@gmail.com', '0972568432', N'Nguyễn Thị Minh Khai, Q1, TPHCM', 12, 2,1)
insert into Users values ('12003', '123456', N'Lê Hoài Anh', 'lhanh@gmail.com', '0972557457', N'Võ Văn Tần, Q3, TPHCM', 12, 2,1)
insert into Users values ('12004', '123456', N'Lê Ngọc Hải', 'lnhai@gmail.com', '0972156243', N'Hoàng Diệu, Thủ Đức, TPHCM', 12, 2,1)
insert into Users values ('12005', '123456', N'Lê Hoài Bảo', 'lhbao@gmail.com', '0903254754', N'135, Trần Hưng Đạo, Q1, TPHCM', 12, 2,1)

insert into Users values ('12006', '123456', N'Huỳnh Công Anh', 'hcanh@gmail.com', '0903652753', N'12/11 Hoàng Diệu, Thủ Đức, TPHCM', 12, 2,1)
insert into Users values ('12007', '123456', N'Huỳnh Thanh Đức', 'htduc@gmail.com', '01697552463', N'Tô Hiến Thành, Q10, TPHCM', 12, 2,1)
insert into Users values ('12008', '123456', N'Nguyễn Mỹ An', 'nman@gmail.com', '01693489567', N'Hùng Vương, Q5, TPHCM', 12, 2,1)
insert into Users values ('12009', '123456', N'Huỳnh Ngọc Mai', 'hnmai@gmail.com', '01693442053', N'Lê Hồng Phong, Q10, TPHCM', 12, 2,1)
insert into Users values ('12010', '123456', N'Nguyễn Lê Hoài Anh', 'nlhanh@gmail.com', '0978451623', N'Lý Thái Tổ, Q3, TPHCM', 12, 2,1)

insert into Users values ('12011', '123456', N'Nguyễn Trần Ngọc Ánh', 'ntnanh@gmail.com', '0909253467', N'Trần Hưng Đạo, Q1, TPHCM', 12, 2,1)
insert into Users values ('12012', '123456', N'Huỳnh Đức Anh', 'hdanh@gmail.com', '0909125463', N'Bà Hạt, Q10, TPHCM', 12, 2,1)
insert into Users values ('12013', '123456', N'Huỳnh Văn Thanh', 'hvthanh@gmail.com', '01207566789', N'Thành Thái, Q10, TPHCM', 12, 2,1)
insert into Users values ('12014', '123456', N'Nguyễn Quốc Đạt', 'nqdat@gmail.com', '01207953716', N'Võ Văn Ngân, Thủ Đức, TPHCM', 12, 2,1)
insert into Users values ('12015', '123456', N'Huỳnh Công Đạt', 'hcdat@gmail.com', '01203465798', N'Nguyễn Xí, Q.Bình Thạnh, TPHCM', 12, 2,1)

insert into Users values ('12016', '123456', N'Lê Quốc Huy', 'lqhuy@gmail.com', '0967765489', N'Trần Hưng Đạo, Q1, TPHCM', 12, 2,1)
insert into Users values ('12017', '123456', N'Nguyễn Ngọc Mai', 'nnmai@gmail.com', '0967423517', N'Trần Hưng Đạo, Q1, TPHCM', 12, 2,1)
insert into Users values ('12018', '123456', N'Lê Ngọc Linh', 'lnlinh@gmail.com', '0969478513', N'Cô Bắc, Q1, TPHCM', 12, 2, 1)
insert into Users values ('12019', '123456', N'Nguyễn Hữu Quang', 'nhquang@gmail.com', '0969751463', N'An Dương Vương, Q5, TPHCM', 12, 2,1)
insert into Users values ('12020', '123456', N'Nguyễn Viết Quang', 'nvquang@gmail.com', '0903452746', N'Hùng Vương, Q5, TPHCM', 12, 2,1)

insert into Users values ('12021', '123456', N'Nguyễn Duy Quang', 'ndquang@gmail.com', '0903476552', N'Lê Hồng Phong, Q10, TPHCM', 12, 2,1)
insert into Users values ('12022', '123456', N'Huỳnh Bảo Ngọc', 'hbngoc@gmail.com', '0909152764', N'Lý Thái Tổ, Q3, TPHCM', 12, 2,1)
insert into Users values ('12023', '123456', N'Lê Viết Quang', 'lvquang@gmail.com', '0902765743', N'Hùng Vương, Q5, TPHCM', 12, 2,1)
insert into Users values ('12024', '123456', N'Lê Hoàng Dũng', 'lhdung@gmail.com', '01693462751', N'Trần Hưng Đạo, Q1, TPHCM', 12, 2,1)
insert into Users values ('12025', '123456', N'Trần Trọng Viễn', 'ttvien@gmail.com', '01699577867', N'Hàm Nghi, Q1, TPHCM', 12, 2, 1)

insert into Users values ('12026', '123456', N'Trần Mai Lan', 'tmlan@gmail.com', '0967899715', N'Tôn Đức Thắng, Q1, TPHCM', 12, 2, 1)
insert into Users values ('12027', '123456', N'Nguyễn Đình Nhân', 'ndnhan@gmail.com', '0968235714', N'Võ Văn Tần, Q3, TPHCM', 12, 2, 1)
insert into Users values ('12028', '123456', N'Nguyễn Việt Dũng', 'nvdung@gmail.com', '0972969751', N'Hùng Vương, Q5, TPHCM', 12, 2, 1)
insert into Users values ('12029', '123456', N'Trần Kiều Trang', 'tktrang@gmail.com', '01207552793', N'An Dương Vương, Q5, TPHCM', 12, 2, 1)
insert into Users values ('12030', '123456', N'Nguyễn Hoàng Sơn', 'nhson@gmail.com', '01207441679', N'3 tháng 2, Q10, TPHCM', 12, 2, 1)

insert into Users values ('13001', '123456', N'Trần Như Tâm', 'tntam@gmail.com', '0903579811', N'Phan Văn Trị, Q5, TPHCM', 13, 2, 1)
insert into Users values ('13002', '123456', N'Nguyễn Duy Anh', 'ndanh@gmail.com', '0909056723', N'Trần Hưng Đạo, Q1, TPHCM', 13, 2, 1)
insert into Users values ('13003', '123456', N'Lê Mỹ Hằng', 'lmhang@gmail.com', '0975423751', N'Trần Hưng Đạo, Q1, TPHCM', 13, 2, 1)
insert into Users values ('13004', '123456', N'Lê Nhật Thành', 'lnthanh@gmail.com', '0976452138', N'Trần Hưng Đạo, Q1, TPHCM', 13, 2, 1)
insert into Users values ('13005', '123456', N'Nguyễn Thúy Hằng', 'nthang@gmail.com', '0969154752', N'Bà Hạt, Q10, TPHCM', 13, 2, 1)

insert into Users values ('13006', '123456', N'Lê Anh Khoa', 'lakhoa@gmail.com', '0967779414', N'Bà Hạt, Q10, TPHCM', 13, 2, 1)
insert into Users values ('13007', '123456', N'Trần Văn Tâm', 'tvtam@gmail.com', '0969552664', N'Nguyễn Trãi, Q5, TPHCM', 13, 2, 1)
insert into Users values ('13008', '123456', N'Nguyễn Thanh Hòa', 'nthoa@gmail.com', '0969551623', N'Trần Hưng Đạo, Q1, TPHCM', 13, 2, 1)
insert into Users values ('13009', '123456', N'Nguyễn Anh Duy', 'naduyh@gmail.com', '01697115664', N'Lê Hồng Phong, Q10, TPHCM', 13, 2, 1)
insert into Users values ('13010', '123456', N'Trần Hoài Tâm', 'thtam@gmail.com', '01207445889', N'Nguyễn Cư Trinh, Q1, TPHCM', 13, 2, 1)

insert into Users values ('13011', '123456', N'Nguyễn Thanh Tâm', 'nttam@gmail.com', '01207558713', N'Trần Hưng Đạo, Q1, TPHCM', 13, 2, 1)
insert into Users values ('13012', '123456', N'Trần Cao Anh', 'tcanh@gmail.com', '01203123589', N'Trần Hưng Đạo, Q1, TPHCM', 13, 2, 1)
insert into Users values ('13013', '123456', N'Trần Minh Tân', 'tmtan@gmail.com', '0903556223', N'Phan Văn Trị, Q5, TPHCM', 13, 2, 1)
insert into Users values ('13014', '123456', N'Nguyễn Ngọc Tân', 'nntan@gmail.com', '0903514234', N'Trần Hưng Đạo, Q1, TPHCM', 13, 2, 1)
insert into Users values ('13015', '123456', N'Trần Hoài Anh', 'thanh@gmail.com', '0968514234', N'218 Lý Thường Kiệt, TP Biên Hòa', 13, 2, 1)

insert into Users values ('13016', '123456', N'Trần Trường An', 'ttan@gmail.com', '01207445113', N'Nguyễn Trãi, Q5, TPHCM', 13, 2, 1)
insert into Users values ('13017', '123456', N'Nguyễn Minh Ngọc', 'nmngoc@gmail.com', '01207879551', N'Trần Hưng Đạo, Q1, TPHCM', 13, 2, 1)
insert into Users values ('13018', '123456', N'Lê Ngọc Thái', 'lnthai@gmail.com', '0909412516', N'Trần Hưng Đạo, Q1, TPHCM', 13, 2, 1)
insert into Users values ('13019', '123456', N'Lê Huy Hoàng', 'lhhoang@gmail.com', '0967551446', N'Trần Hưng Đạo, Q1, TPHCM', 13, 2, 1)
insert into Users values ('13020', '123456', N'Trần Ngọc Nhi', 'tnnhi@gmail.com', '0967514237', N'Thành Thái, Q10, TPHCM', 13, 2, 1)

insert into Users values ('13021', '123456', N'Trần Ngọc Thảo', 'tnthao@gmail.com', '0967953227', N'3 tháng 2, Q10, TPHCM', 13, 2, 1)
insert into Users values ('13022', '123456', N'Nguyễn Lan Vy', 'nlvy@gmail.com', '0968775966', N'Tô Hiến Thành, Q10, TPHCM', 13, 2, 1)
insert into Users values ('13023', '123456', N'Đỗ Thành Trung', 'dttrung@gmail.com', '0903115996', N'Trần Hưng Đạo, Q1, TPHCM', 13, 2, 1)
insert into Users values ('13024', '123456', N'Trần Ngọc Hải', 'tnhai@gmail.com', '0909673414', N'Lê Hồng Phong, Q10, TPHCM', 13, 2, 1)
insert into Users values ('13025', '123456', N'Huỳnh Ngọc Khánh', 'hnkhanh@gmail.com', '0972869771', N'Điện Biên Phủ, Q10, TPHCM', 13, 2, 1)

insert into Users values ('13026', '123456', N'Đinh Công Thành', 'dcthanh@gmail.com', '01207866779', N'Hùng Vương, Q5, TPHCM', 13, 2, 1)
insert into Users values ('13027', '123456', N'Trần Trọng Nhân', 'ttnhan@gmail.com', '01207653774', N'Võ Văn Tần, Q3, TPHCM', 13, 2, 1)
insert into Users values ('13028', '123456', N'Đỗ Thanh Hà', 'dtha@gmail.com', '01699771462', N'Hùng Vương, Q5, TPHCM', 13, 2, 1)
insert into Users values ('13029', '123456', N'Trần Gia Huy', 'tghuy@gmail.com', '0967853716', N'Phan Văn Trị, Q5, TPHCM', 13, 2, 1)
insert into Users values ('13030', '123456', N'Trần Ngọc Hân', 'tnhan@gmail.com', '0968412776', N'Thành Thái, Q10, TPHCM', 13, 2, 1)

insert into Users values ('14001', '123456', N'Phạm Quỳnh Anh', 'pqanh@gmail.com', '0968534234', N'Võ Văn Tần, Q3, TPHCM', 14, 2, 1)
insert into Users values ('14002', '123456', N'Nguyễn Nhật Nguyệt', 'nnnguyet@gmail.com', '0969674234', N'Phan Văn Trị, Q5, TPHCM', 14, 2, 1)
insert into Users values ('14003', '123456', N'Nguyễn Quỳnh Như', 'nqnhu@gmail.com', '0968654234', N'Lý Thái Tổ, Q3, TPHCM', 14, 2, 1)
insert into Users values ('14004', '123456', N'Trần Văn Anh', 'nvanh@gmail.com', '0903442551', N'Lê Lai, Q1, TPHCM', 14, 2, 1)
insert into Users values ('14005', '123456', N'Trần Văn Khải', 'tvkhai@gmail.com', '0903776442', N'Lê Lai, Q1, TPHCM', 14, 2, 1)

insert into Users values ('14006', '123456', N'Huỳnh Mỹ Ngọc', 'hmngoc@gmail.com', '0972451699', N'Bà Hạt, Q10, TPHCM', 14, 2, 1)
insert into Users values ('14007', '123456', N'Huỳnh Tiến Dũng', 'htdung@gmail.com', '0967623611', N'Lý Thái Tổ, Q10, TPHCM', 14, 2, 1)
insert into Users values ('14008', '123456', N'Nguyễn Hoàng Dũng', 'nhdung@gmail.com', '0967152696', N'Thành Thái, Q10, TPHCM', 14, 2, 1)
insert into Users values ('14009', '123456', N'Cao Hoài Anh', 'chanh@gmail.com', '0968754963', N'Hùng Vương, Q5, TPHCM', 14, 2, 1)
insert into Users values ('14010', '123456', N'Đỗ Thúy Anh', 'dtanh@gmail.com', '0968159174', N'Hoàng Diệu, Thủ Đức, TPHCM', 14, 2, 1)

insert into Users values ('14011', '123456', N'Đỗ Văn Cường', 'dvcuong@gmail.com', '0969112531', N'Nguyễn Xí, Q.Bình Thạnh, TPHCM', 14, 2, 1)
insert into Users values ('14012', '123456', N'Cao Minh Cường', 'cmcuong@gmail.com', '0968563742', N'Trần Hưng Đạo, Q1, TPHCM', 14, 2, 1)
insert into Users values ('14013', '123456', N'Đỗ Thanh Hải', 'dthai@gmail.com', '01207553667', N'Trần Hưng Đạo, Q1, TPHCM', 14, 2, 1)
insert into Users values ('14014', '123456', N'Nguyễn Ngọc Nhi', 'nnnhi@gmail.com', '01695711562', N'Trần Hưng Đạo, Q1, TPHCM', 14, 2, 1)
insert into Users values ('14015', '123456', N'Nguyễn Ngọc Quỳnh', 'nnquynh@gmail.com', '01694551768', N'Trần Hưng Đạo, Q1, TPHCM', 14, 2, 1)

insert into Users values ('14016', '123456', N'Nguyễn Thái Hoàng', 'nthoang@gmail.com', '01687423411', N'Lê Lai, Q1, TPHCM', 14, 2, 1)
insert into Users values ('14017', '123456', N'Huỳnh Anh Thi', 'nathi@gmail.com', '0903552416', N'Trần Hưng Đạo, Q1, TPHCM', 14, 2, 1)
insert into Users values ('14018', '123456', N'Huỳnh Ngọc Mỹ', 'hnmy@gmail.com', '01699537637', N'16/11 Hoàng Diệu, Thủ Đức, TPHCM', 14, 2, 1)
insert into Users values ('14019', '123456', N'Trần Thiên Anh', 'ttanh@gmail.com', '0909558923', N'Nguyễn Xí, Q.Bình Thạnh, TPHCM', 14, 2, 1)
insert into Users values ('14020', '123456', N'Trần Thanh Duy', 'thduy@gmail.com', '0903651752', N'Trần Hưng Đạo, Q1, TPHCM', 14, 2, 1)

insert into Users values ('14021', '123456', N'Trần Đình Lợi', 'tdloi@gmail.com', '0903153749', N'3 tháng 2, Q10, TPHCM', 14, 2, 1)
insert into Users values ('14022', '123456', N'Nguyễn Quốc Thảo', 'nqthao@gmail.com', '0967451239', N'Trần Hưng Đạo, Q1, TPHCM', 14, 2, 1)
insert into Users values ('14023', '123456', N'Đỗ Hồng Nhung', 'dhnhung@gmail.com', '0967412556', N'Đề Thám, Q1, TPHCM', 14, 2, 1)
insert into Users values ('14024', '123456', N'Huỳnh Đức Nhân', 'hdnhan@gmail.com', '0968771426', N'Lê Lai, Q1, TPHCM', 14, 2, 1)
insert into Users values ('14025', '123456', N'Đinh Ngọc Thái', 'dnthai@gmail.com', '01699523719', N'Võ Văn Tần, Q3, TPHCM', 14, 2, 1)

insert into Users values ('14026', '123456', N'Trần Văn Thanh', 'tvthanh@gmail.com', '01693451749', N'Hùng Vương, Q5, TPHCM', 14, 2, 1)
insert into Users values ('14027', '123456', N'Trần Duy Thảo', 'tdthao@gmail.com', '0903651649', N'Trần Bình Trọng, Q5, TPHCM', 14, 2, 1)
insert into Users values ('14028', '123456', N'Nguyễn Tường Vy', 'ntvy@gmail.com', '0909651752', N'Trần Hưng Đạo, Q1, TPHCM', 14, 2, 1)
insert into Users values ('14029', '123456', N'Nguyễn Minh Nhật', 'nmnhat@gmail.com', '0972461446', N'Lý Thái Tổ, Q3, TPHCM', 14, 2, 1)
insert into Users values ('14030', '123456', N'Trần Thanh Sơn', 'ttson@gmail.com', '0968651752', N'Thành Thái, Q10, TPHCM', 14, 2, 1)

-- Mon --
insert into Mon values ('CTT001', N'Cơ sở dữ liệu nâng cao', 1)
insert into Mon values ('CTT002', N'An toàn và bảo mật dữ liệu trong HTTT', 1)
insert into Mon values ('CTT003', N'Bảo mật cơ sở dữ liệu', 1)
insert into Mon values ('CTT004', N'Ứng dụng phân tán', 1)
insert into Mon values ('CTT005', N'Hệ quản trị cơ sở dữ liệu', 1)

-- LoaiDoAn --
insert into LoaiDoAn values ('01', N'Bài tập cộng điểm')
insert into LoaiDoAn values ('02', N'Đồ án giữa kỳ')
insert into LoaiDoAn values ('03', N'Đồ án cuối kỳ')

-- De --
insert into De values ('De001', N'Xác định index cần thiết đối với các bảng trong hệ thống quản lý sách') --CSDLNC
insert into De values ('De002', N'Phân quyền trên Oracle') --ATBM
insert into De values ('De003', N'Lập trình các thuật toán mã hóa: AES, RSA, mô hình ngưỡng Lagrange') --BMCSDL
insert into De values ('De004', N'Thiết kế trang cá nhân gồm các thông tin: họ tên, ảnh đại diện, sở thích và bản đồ google map hiển thị địa chỉ liên lạc') --UDPT
insert into De values ('De005', N'Xét xem các lịch sau có khả tuần tự xung đột không? Nếu có, cho biết chúng khả tuần tự theo thứ tự nào?') -- HQT
insert into De values ('De006', N'Hệ thống quản lý thư viện') --CSDLNC
insert into De values ('De007', N'Hệ thống quản lý nhà máy nước') --CSDLNC
insert into De values ('De008', N'Hệ thống quản lý giáo vụ tại một trường đại học') --ATBM
insert into De values ('De009', N'Hệ thống quản lý đăng ký tham gia đề án ') --ATBM
insert into De values ('De010', N'Cài đặt và cấu hình kết nối CSDL SQL Server') --BMCSDL
insert into De values ('De011', N'Phân quyền truy cập các đối tượng trong CSDL') --BMCSDL
insert into De values ('De012', N'Tìm hiểu về Laravel(PHP)') --UDPT
insert into De values ('De013', N'Tìm hiểu về Angularjs') --UDPT
insert into De values ('De014', N'Hệ thống đặt vé xe khách') --HQT
insert into De values ('De015', N'Hệ thống đăng ký đồ án') --HQT
insert into De values ('De016', N'Xây dựng ma trận truy vấn và phân tích các câu truy vấn, xác định index cần thiết trong hệ thống quản lý thư viện') --CSDLNC
insert into De values ('De017', N'Xây dựng ma trận truy vấn và phân tích các câu truy vấn, xác định index cần thiết trong hệ thống quản lý nhà máy nước') --CSDLNC
insert into De values ('De018', N'Xác định các chính sách bảo mật đối với hệ thống quản lý giáo vụ tại một trường đại học') --ATBM
insert into De values ('De019', N'Xác định các chính sách bảo mật đối với hệ thống quản lý đăng ký tham gia đề án') --ATBM
insert into De values ('De020', N'Mã hóa dữ liệu sử dụng các thuật toán mã hóa công khai') --BMCSDL
insert into De values ('De021', N'Mã hóa dữ liệu từ client trước khi lưu xuống CSDL. Giải mã dữ liệu ở client sau khi truy vấn dữ liệu từ CSDL') --BMCSDL
insert into De values ('De022', N'Thiết kế trang web đặt phòng khách sạn với đầy đủ các chức năng:  đăng nhập/đăng ký tài khoản, đặt phòng, thanh toán...') --UDPT
insert into De values ('De023', N'Thiết kế trang web bán hàng với đầy đủ các chức năng: đăng nhập/đăng ký tài khoản, đặt hàng, nhận xét, thanh toán...') --UDPT
insert into De values ('De024', N'Xác định và giải quyết các tranh chấp trong hệ thống đặt vé xe khách') --HQT
insert into De values ('De025', N'Xác định và giải quyết các tranh chấp trong hệ thống đăng ký đồ án') --HQT

-- SinhVien_Mon --
insert into SinhVien_Mon values ('11001', 'CTT001', 1)
insert into SinhVien_Mon values ('11002', 'CTT001', 1)
insert into SinhVien_Mon values ('11003', 'CTT001', 1)
insert into SinhVien_Mon values ('11004', 'CTT001', 1)
insert into SinhVien_Mon values ('11005', 'CTT001', 1)

insert into SinhVien_Mon values ('11006', 'CTT001', 1)
insert into SinhVien_Mon values ('11007', 'CTT001', 1)
insert into SinhVien_Mon values ('11008', 'CTT001', 1)
insert into SinhVien_Mon values ('11009', 'CTT001', 1)
insert into SinhVien_Mon values ('11010', 'CTT001', 1)

insert into SinhVien_Mon values ('11011', 'CTT001', 1)
insert into SinhVien_Mon values ('11012', 'CTT001', 1)
insert into SinhVien_Mon values ('11013', 'CTT001', 1)
insert into SinhVien_Mon values ('11014', 'CTT001', 1)
insert into SinhVien_Mon values ('11015', 'CTT001', 1)

insert into SinhVien_Mon values ('11016', 'CTT001', 1)
insert into SinhVien_Mon values ('11017', 'CTT001', 1)
insert into SinhVien_Mon values ('11018', 'CTT001', 1)
insert into SinhVien_Mon values ('11019', 'CTT001', 1)
insert into SinhVien_Mon values ('11020', 'CTT001', 1)

insert into SinhVien_Mon values ('11021', 'CTT001', 1)
insert into SinhVien_Mon values ('11022', 'CTT001', 1)
insert into SinhVien_Mon values ('11023', 'CTT001', 1)
insert into SinhVien_Mon values ('11024', 'CTT001', 1)
insert into SinhVien_Mon values ('11025', 'CTT001', 1)

insert into SinhVien_Mon values ('11026', 'CTT001', 1)
insert into SinhVien_Mon values ('11027', 'CTT001', 1)
insert into SinhVien_Mon values ('11028', 'CTT001', 1)
insert into SinhVien_Mon values ('11029', 'CTT001', 1)
insert into SinhVien_Mon values ('11030', 'CTT001', 1)

insert into SinhVien_Mon values ('12001', 'CTT002', 1)
insert into SinhVien_Mon values ('12002', 'CTT002', 1)
insert into SinhVien_Mon values ('12003', 'CTT002', 1)
insert into SinhVien_Mon values ('12004', 'CTT002', 1)
insert into SinhVien_Mon values ('12005', 'CTT002', 1)

insert into SinhVien_Mon values ('12006', 'CTT002', 1)
insert into SinhVien_Mon values ('12007', 'CTT002', 1)
insert into SinhVien_Mon values ('12008', 'CTT002', 1)
insert into SinhVien_Mon values ('12009', 'CTT002', 1)
insert into SinhVien_Mon values ('12010', 'CTT002', 1)

insert into SinhVien_Mon values ('12011', 'CTT002', 1)
insert into SinhVien_Mon values ('12012', 'CTT002', 1)
insert into SinhVien_Mon values ('12013', 'CTT002', 1)
insert into SinhVien_Mon values ('12014', 'CTT002', 1)
insert into SinhVien_Mon values ('12015', 'CTT002', 1)

insert into SinhVien_Mon values ('12016', 'CTT002', 1)
insert into SinhVien_Mon values ('12017', 'CTT002', 1)
insert into SinhVien_Mon values ('12018', 'CTT002', 1)
insert into SinhVien_Mon values ('12019', 'CTT002', 1)
insert into SinhVien_Mon values ('12020', 'CTT002', 1)

insert into SinhVien_Mon values ('12021', 'CTT002', 1)
insert into SinhVien_Mon values ('12022', 'CTT002', 1)
insert into SinhVien_Mon values ('12023', 'CTT002', 1)
insert into SinhVien_Mon values ('12024', 'CTT002', 1)
insert into SinhVien_Mon values ('12025', 'CTT002', 1)

insert into SinhVien_Mon values ('12026', 'CTT002', 1)
insert into SinhVien_Mon values ('12027', 'CTT002', 1)
insert into SinhVien_Mon values ('12028', 'CTT002', 1)
insert into SinhVien_Mon values ('12029', 'CTT002', 1)
insert into SinhVien_Mon values ('12030', 'CTT002', 1)

insert into SinhVien_Mon values ('13001', 'CTT003', 1)
insert into SinhVien_Mon values ('13002', 'CTT003', 1)
insert into SinhVien_Mon values ('13003', 'CTT003', 1)
insert into SinhVien_Mon values ('13004', 'CTT003', 1)
insert into SinhVien_Mon values ('13005', 'CTT003', 1)

insert into SinhVien_Mon values ('13006', 'CTT003', 1)
insert into SinhVien_Mon values ('13007', 'CTT003', 1)
insert into SinhVien_Mon values ('13008', 'CTT003', 1)
insert into SinhVien_Mon values ('13009', 'CTT003', 1)
insert into SinhVien_Mon values ('13010', 'CTT003', 1)

insert into SinhVien_Mon values ('13011', 'CTT003', 1)
insert into SinhVien_Mon values ('13012', 'CTT003', 1)
insert into SinhVien_Mon values ('13013', 'CTT003', 1)
insert into SinhVien_Mon values ('13014', 'CTT003', 1)
insert into SinhVien_Mon values ('13015', 'CTT003', 1)

insert into SinhVien_Mon values ('13016', 'CTT003', 1)
insert into SinhVien_Mon values ('13017', 'CTT003', 1)
insert into SinhVien_Mon values ('13018', 'CTT003', 1)
insert into SinhVien_Mon values ('13019', 'CTT003', 1)
insert into SinhVien_Mon values ('13020', 'CTT003', 1)

insert into SinhVien_Mon values ('13021', 'CTT003', 1)
insert into SinhVien_Mon values ('13022', 'CTT003', 1)
insert into SinhVien_Mon values ('13023', 'CTT003', 1)
insert into SinhVien_Mon values ('13024', 'CTT003', 1)
insert into SinhVien_Mon values ('13025', 'CTT003', 1)

insert into SinhVien_Mon values ('13026', 'CTT003', 1)
insert into SinhVien_Mon values ('13027', 'CTT003', 1)
insert into SinhVien_Mon values ('13028', 'CTT003', 1)
insert into SinhVien_Mon values ('13029', 'CTT003', 1)
insert into SinhVien_Mon values ('13030', 'CTT003', 1)

insert into SinhVien_Mon values ('14001', 'CTT004', 1)
insert into SinhVien_Mon values ('14002', 'CTT004', 1)
insert into SinhVien_Mon values ('14003', 'CTT004', 1)
insert into SinhVien_Mon values ('14004', 'CTT004', 1)
insert into SinhVien_Mon values ('14005', 'CTT004', 1)

insert into SinhVien_Mon values ('14006', 'CTT004', 1)
insert into SinhVien_Mon values ('14007', 'CTT004', 1)
insert into SinhVien_Mon values ('14008', 'CTT004', 1)
insert into SinhVien_Mon values ('14009', 'CTT004', 1)
insert into SinhVien_Mon values ('14010', 'CTT004', 1)

insert into SinhVien_Mon values ('14011', 'CTT004', 1)
insert into SinhVien_Mon values ('14012', 'CTT004', 1)
insert into SinhVien_Mon values ('14013', 'CTT004', 1)
insert into SinhVien_Mon values ('14014', 'CTT004', 1)
insert into SinhVien_Mon values ('14015', 'CTT004', 1)

insert into SinhVien_Mon values ('14016', 'CTT004', 1)
insert into SinhVien_Mon values ('14017', 'CTT004', 1)
insert into SinhVien_Mon values ('14018', 'CTT004', 1)
insert into SinhVien_Mon values ('14019', 'CTT004', 1)
insert into SinhVien_Mon values ('14020', 'CTT004', 1)

insert into SinhVien_Mon values ('14021', 'CTT004', 1)
insert into SinhVien_Mon values ('14022', 'CTT004', 1)
insert into SinhVien_Mon values ('14023', 'CTT004', 1)
insert into SinhVien_Mon values ('14024', 'CTT004', 1)
insert into SinhVien_Mon values ('14025', 'CTT004', 1)

insert into SinhVien_Mon values ('14026', 'CTT004', 1)
insert into SinhVien_Mon values ('14027', 'CTT004', 1)
insert into SinhVien_Mon values ('14028', 'CTT004', 1)
insert into SinhVien_Mon values ('14029', 'CTT004', 1)
insert into SinhVien_Mon values ('14030', 'CTT004', 1)

insert into SinhVien_Mon values ('11001', 'CTT005', 1)
insert into SinhVien_Mon values ('11003', 'CTT005', 1)
insert into SinhVien_Mon values ('11005', 'CTT005', 1)
insert into SinhVien_Mon values ('11007', 'CTT005', 1)
insert into SinhVien_Mon values ('11009', 'CTT005', 1)

insert into SinhVien_Mon values ('12002', 'CTT005', 1)
insert into SinhVien_Mon values ('12004', 'CTT005', 1)
insert into SinhVien_Mon values ('12006', 'CTT005', 1)
insert into SinhVien_Mon values ('12008', 'CTT005', 1)
insert into SinhVien_Mon values ('12010', 'CTT005', 1)

insert into SinhVien_Mon values ('13011', 'CTT005', 1)
insert into SinhVien_Mon values ('13013', 'CTT005', 1)
insert into SinhVien_Mon values ('13015', 'CTT005', 1)
insert into SinhVien_Mon values ('13017', 'CTT005', 1)
insert into SinhVien_Mon values ('13019', 'CTT005', 1)

insert into SinhVien_Mon values ('13021', 'CTT005', 1)
insert into SinhVien_Mon values ('13023', 'CTT005', 1)
insert into SinhVien_Mon values ('13025', 'CTT005', 1)
insert into SinhVien_Mon values ('13027', 'CTT005', 1)
insert into SinhVien_Mon values ('13029', 'CTT005', 1)

insert into SinhVien_Mon values ('14012', 'CTT005', 1)
insert into SinhVien_Mon values ('14014', 'CTT005', 1)
insert into SinhVien_Mon values ('14016', 'CTT005', 1)
insert into SinhVien_Mon values ('14018', 'CTT005', 1)
insert into SinhVien_Mon values ('14020', 'CTT005', 1)

insert into SinhVien_Mon values ('14022', 'CTT005', 1)
insert into SinhVien_Mon values ('14024', 'CTT005', 1)
insert into SinhVien_Mon values ('14026', 'CTT005', 1)
insert into SinhVien_Mon values ('14028', 'CTT005', 1)
insert into SinhVien_Mon values ('14030', 'CTT005', 1)

-- GiaoVien_Mon --
insert into GiaoVien_Mon values ('GV001', 'CTT001', 1)
insert into GiaoVien_Mon values ('GV002', 'CTT001', 1)
insert into GiaoVien_Mon values ('GV003', 'CTT001', 1)

insert into GiaoVien_Mon values ('GV003', 'CTT002', 1)
insert into GiaoVien_Mon values ('GV004', 'CTT002', 1)
insert into GiaoVien_Mon values ('GV005', 'CTT002', 1)

insert into GiaoVien_Mon values ('GV005', 'CTT003', 1)
insert into GiaoVien_Mon values ('GV006', 'CTT003', 1)
insert into GiaoVien_Mon values ('GV007', 'CTT003', 1)

insert into GiaoVien_Mon values ('GV007', 'CTT004', 1)
insert into GiaoVien_Mon values ('GV008', 'CTT004', 1)
insert into GiaoVien_Mon values ('GV009', 'CTT004', 1)

insert into GiaoVien_Mon values ('GV009', 'CTT005', 1)
insert into GiaoVien_Mon values ('GV010', 'CTT005', 1)

-- Nhom --
insert into Nhom values ('N001', N'GG', 'CTT001', '11001', 5, 1)
insert into Nhom values ('N002', N'Ocean', 'CTT001', '11006', 5, 1)
insert into Nhom values ('N003', N'Have fun', 'CTT001', '11011', 5, 1)
insert into Nhom values ('N004', N'YES', 'CTT001', '11016', 5, 1)
insert into Nhom values ('N005', N'UK', 'CTT001', '11021', 5, 1)
insert into Nhom values ('N006', N'No hope', 'CTT001', '11026', 5, 1)
														
insert into Nhom values ('N007', N'Mr.Sky', 'CTT002', '12005', 5, 1)
insert into Nhom values ('N008', N'PKL', 'CTT002', '12010', 5, 1)
insert into Nhom values ('N009', N'Shine', 'CTT002', '12015', 5, 1)
insert into Nhom values ('N010', N'IS', 'CTT002', '12020', 5, 1)
insert into Nhom values ('N011', N'POP', 'CTT002', '12025', 5, 1)
insert into Nhom values ('N012', N'Moon', 'CTT002', '12030', 5, 1)

insert into Nhom values ('N013', N'Smile', 'CTT003', '13001', 5, 1)
insert into Nhom values ('N014', N'IT04', 'CTT003', '13006', 5, 1)
insert into Nhom values ('N015', N'MT', 'CTT003', '13011', 5, 1)
insert into Nhom values ('N016', N'Turds', 'CTT003', '13016', 5, 1)
insert into Nhom values ('N017', N'DAW', 'CTT003', '13021', 5, 1)
insert into Nhom values ('N018', N'Hope', 'CTT003', '13026', 5, 1)

insert into Nhom values ('N019', N'PHP', 'CTT004', '14005', 5, 1)
insert into Nhom values ('N020', N'DAD', 'CTT004', '14010', 5, 1)
insert into Nhom values ('N021', N'Liar', 'CTT004', '14015', 5, 1)
insert into Nhom values ('N022', N'Blue', 'CTT004', '14020', 5, 1)
insert into Nhom values ('N023', N'RBG', 'CTT004', '14025', 5, 1)
insert into Nhom values ('N024', N'4T', 'CTT004', '14030', 5, 1)

insert into Nhom values ('N025', N'Insight', 'CTT005', '11001', 5, 1)
insert into Nhom values ('N026', N'Precious', 'CTT005', '12002', 5, 1)
insert into Nhom values ('N027', N'Adept', 'CTT005', '13015', 5, 1)
insert into Nhom values ('N028', N'Olym', 'CTT005', '13021', 5, 1)
insert into Nhom values ('N029', N'The wind', 'CTT005', '14016', 5, 1)
insert into Nhom values ('N030', N'EXE', 'CTT005', '14028', 5, 1)

--- De_Mon ---
insert into De_Mon values ('De001', 'CTT001', '01', 1, 10, 1, 10, '2017/01/05 23:55:00', '2017/10/01 23:55:00', 1)
insert into De_Mon values ('De002', 'CTT002', '01', 1, 10, 1, 10, '2017/01/05 23:55:00', '2017/10/02 23:55:00', 1)
insert into De_Mon values ('De003', 'CTT003', '01', 1, 10, 1, 10, '2017/04/05 23:55:00', '2017/10/03 23:55:00', 1)
insert into De_Mon values ('De004', 'CTT004', '01', 1, 10, 1, 10, '2017/02/25 23:55:00', '2017/10/04 23:55:00', 1)
insert into De_Mon values ('De005', 'CTT005', '01', 1, 10, 1, 10, '2017/01/02 23:55:00', '2017/10/05 23:55:00', 1)

insert into De_Mon values ('De006', 'CTT001', '02', 0, 3, 5, 3, '2017/02/05 23:55:00', '2017/10/06 23:55:00', 1)
insert into De_Mon values ('De007', 'CTT001', '02', 0, 3, 5, 3, '2017/03/05 23:55:00', '2017/10/07 23:55:00', 1)
insert into De_Mon values ('De008', 'CTT002', '02', 0, 3, 5, 3, '2017/03/05 23:55:00', '2017/10/08 23:55:00', 1)
insert into De_Mon values ('De009', 'CTT002', '02', 0, 3, 5, 3, '2017/04/01 23:55:00', '2017/10/09 23:55:00', 1)
insert into De_Mon values ('De010', 'CTT003', '02', 0, 3, 5, 3, '2017/02/25 23:55:00', '2017/10/10 23:55:00', 1)
																
insert into De_Mon values ('De011', 'CTT003', '02', 0, 3, 5, 3, '2017/04/05 23:55:00', '2017/10/11 23:55:00', 1)
insert into De_Mon values ('De012', 'CTT004', '02', 0, 3, 5, 3, '2017/04/30 23:55:00', '2017/10/12 23:55:00', 1)
insert into De_Mon values ('De013', 'CTT004', '02', 0, 3, 5, 3, '2017/01/03 23:55:00', '2017/10/13 23:55:00', 1) 
insert into De_Mon values ('De014', 'CTT005', '02', 0, 3, 5, 3, '2017/02/02 23:55:00', '2017/10/14 23:55:00', 1)
insert into De_Mon values ('De015', 'CTT005', '02', 0, 3, 5, 3, '2017/02/02 23:55:00', '2017/10/15 23:55:00', 1)
																
insert into De_Mon values ('De016', 'CTT001', '03', 0, 3, 5, 3, '2017/04/04 23:55:00', '2017/10/16 23:55:00', 1)
insert into De_Mon values ('De017', 'CTT001', '03', 0, 3, 5, 3, '2017/02/05 23:55:00', '2017/10/17 23:55:00', 1)
insert into De_Mon values ('De018', 'CTT002', '03', 0, 3, 5, 3, '2017/04/05 23:55:00', '2017/10/18 23:55:00', 1)
insert into De_Mon values ('De019', 'CTT002', '03', 0, 3, 5, 3, '2017/02/05 23:55:00', '2017/10/19 23:55:00', 1)
insert into De_Mon values ('De020', 'CTT003', '03', 0, 3, 5, 3, '2017/01/15 23:55:00', '2017/10/20 23:55:00', 1)
																
insert into De_Mon values ('De021', 'CTT003', '03', 0, 3, 5, 3, '2017/03/05 23:55:00', '2017/10/21 23:55:00', 1)
insert into De_Mon values ('De022', 'CTT004', '03', 0, 3, 5, 3, '2017/03/19 23:55:00', '2017/10/22 23:55:00', 1)
insert into De_Mon values ('De023', 'CTT004', '03', 0, 3, 5, 3, '2017/04/02 23:55:00', '2017/10/23 23:55:00', 1)
insert into De_Mon values ('De024', 'CTT005', '03', 0, 3, 5, 3, '2017/02/02 23:55:00', '2017/10/24 23:55:00', 1)
insert into De_Mon values ('De025', 'CTT005', '03', 0, 3, 5, 3, '2017/01/02 23:55:00', '2017/10/25 23:55:00', 1)

--select * from De_Mon where MaDe = 'De001' and MaMH = 'CTT001'
--- PhuTrachDe ---
insert into PhuTrachDe values ('GV001', 'De001', 'CTT001', 1)
insert into PhuTrachDe values ('GV002', 'De006', 'CTT001', 1)
insert into PhuTrachDe values ('GV003', 'De007', 'CTT001', 1)
insert into PhuTrachDe values ('GV002', 'De016', 'CTT001', 1)
insert into PhuTrachDe values ('GV003', 'De017', 'CTT001', 1)

insert into PhuTrachDe values ('GV003', 'De002', 'CTT002', 1)
insert into PhuTrachDe values ('GV004', 'De008', 'CTT002', 1)
insert into PhuTrachDe values ('GV005', 'De009', 'CTT002', 1)
insert into PhuTrachDe values ('GV004', 'De018', 'CTT002', 1)
insert into PhuTrachDe values ('GV005', 'De019', 'CTT002', 1)

insert into PhuTrachDe values ('GV005', 'De003', 'CTT003', 1)
insert into PhuTrachDe values ('GV006', 'De010', 'CTT003', 1)
insert into PhuTrachDe values ('GV007', 'De011', 'CTT003', 1) 
insert into PhuTrachDe values ('GV006', 'De020', 'CTT003', 1)
insert into PhuTrachDe values ('GV007', 'De021', 'CTT003', 1)

insert into PhuTrachDe values ('GV007', 'De004', 'CTT004', 1)
insert into PhuTrachDe values ('GV008', 'De012', 'CTT004', 1)
insert into PhuTrachDe values ('GV009', 'De013', 'CTT004', 1)
insert into PhuTrachDe values ('GV008', 'De022', 'CTT004', 1)
insert into PhuTrachDe values ('GV009', 'De023', 'CTT004', 1)

insert into PhuTrachDe values ('GV010', 'De005', 'CTT005', 1)
insert into PhuTrachDe values ('GV009', 'De014', 'CTT005', 1)
insert into PhuTrachDe values ('GV010', 'De015', 'CTT005', 1)
insert into PhuTrachDe values ('GV009', 'De024', 'CTT005', 1)
insert into PhuTrachDe values ('GV010', 'De025', 'CTT005', 1)

--- ThanhVienNhom ---
insert into ThanhVienNhom values ('N001','11001', 1)
insert into ThanhVienNhom values ('N001','11002', 1)
insert into ThanhVienNhom values ('N001','11003', 1)
insert into ThanhVienNhom values ('N001','11004', 1)
insert into ThanhVienNhom values ('N001','11005', 1)

insert into ThanhVienNhom values ('N002','11006', 1)
insert into ThanhVienNhom values ('N002','11007', 1)
insert into ThanhVienNhom values ('N002','11008', 1)
insert into ThanhVienNhom values ('N002','11009', 1)
insert into ThanhVienNhom values ('N002','11010', 1)

insert into ThanhVienNhom values ('N003','11011', 1)
insert into ThanhVienNhom values ('N003','11012', 1)
insert into ThanhVienNhom values ('N003','11013', 1)
insert into ThanhVienNhom values ('N003','11014', 1)
insert into ThanhVienNhom values ('N003','11015', 1)

insert into ThanhVienNhom values ('N004','11016', 1)
insert into ThanhVienNhom values ('N004','11017', 1)
insert into ThanhVienNhom values ('N004','11018', 1)
insert into ThanhVienNhom values ('N004','11019', 1)
insert into ThanhVienNhom values ('N004','11020', 1)
											
insert into ThanhVienNhom values ('N005','11021', 1)
insert into ThanhVienNhom values ('N005','11022', 1)
insert into ThanhVienNhom values ('N005','11023', 1)
insert into ThanhVienNhom values ('N005','11024', 1)
insert into ThanhVienNhom values ('N005','11025', 1)
											
insert into ThanhVienNhom values ('N006','11026', 1)
insert into ThanhVienNhom values ('N006','11027', 1)
insert into ThanhVienNhom values ('N006','11028', 1)
insert into ThanhVienNhom values ('N006','11029', 1)
insert into ThanhVienNhom values ('N006','11030', 1)
										
insert into ThanhVienNhom values ('N007','12005', 1)
insert into ThanhVienNhom values ('N007','12001', 1)
insert into ThanhVienNhom values ('N007','12002', 1)
insert into ThanhVienNhom values ('N007','12003', 1)
insert into ThanhVienNhom values ('N007','12004', 1)
											
insert into ThanhVienNhom values ('N008','12010', 1)
insert into ThanhVienNhom values ('N008','12006', 1)
insert into ThanhVienNhom values ('N008','12007', 1)
insert into ThanhVienNhom values ('N008','12008', 1)
insert into ThanhVienNhom values ('N008','12009', 1)
												   
insert into ThanhVienNhom values ('N009','12015', 1)
insert into ThanhVienNhom values ('N009','12011', 1)
insert into ThanhVienNhom values ('N009','12012', 1)
insert into ThanhVienNhom values ('N009','12013', 1)
insert into ThanhVienNhom values ('N009','12014', 1)
												   
insert into ThanhVienNhom values ('N010', '12020', 1)
insert into ThanhVienNhom values ('N010', '12016', 1)
insert into ThanhVienNhom values ('N010', '12017', 1)
insert into ThanhVienNhom values ('N010', '12018', 1)
insert into ThanhVienNhom values ('N010', '12019', 1)
												   
insert into ThanhVienNhom values ('N011', '12025', 1)
insert into ThanhVienNhom values ('N011', '12021', 1)
insert into ThanhVienNhom values ('N011', '12022', 1)
insert into ThanhVienNhom values ('N011', '12023', 1)
insert into ThanhVienNhom values ('N011', '12024', 1)
												   
insert into ThanhVienNhom values ('N012', '12030', 1)
insert into ThanhVienNhom values ('N012', '12026', 1)
insert into ThanhVienNhom values ('N012', '12027', 1)
insert into ThanhVienNhom values ('N012', '12028', 1)
insert into ThanhVienNhom values ('N012', '12029', 1)
												   
insert into ThanhVienNhom values ('N013', '13001', 1)
insert into ThanhVienNhom values ('N013', '13002', 1)
insert into ThanhVienNhom values ('N013', '13003', 1)
insert into ThanhVienNhom values ('N013', '13004', 1)
insert into ThanhVienNhom values ('N013', '13005', 1)
												   
insert into ThanhVienNhom values ('N014', '13006', 1)
insert into ThanhVienNhom values ('N014', '13007', 1)
insert into ThanhVienNhom values ('N014', '13008', 1)
insert into ThanhVienNhom values ('N014', '13009', 1)
insert into ThanhVienNhom values ('N014', '13010', 1)
												   
insert into ThanhVienNhom values ('N015', '13011', 1)
insert into ThanhVienNhom values ('N015', '13012', 1)
insert into ThanhVienNhom values ('N015', '13013', 1)
insert into ThanhVienNhom values ('N015', '13014', 1)
insert into ThanhVienNhom values ('N015', '13015', 1)
												   
insert into ThanhVienNhom values ('N016', '13016', 1)
insert into ThanhVienNhom values ('N016', '13017', 1)
insert into ThanhVienNhom values ('N016', '13018', 1)
insert into ThanhVienNhom values ('N016', '13019', 1)
insert into ThanhVienNhom values ('N016', '13020', 1)
												   
insert into ThanhVienNhom values ('N017', '13021', 1)
insert into ThanhVienNhom values ('N017', '13022', 1)
insert into ThanhVienNhom values ('N017', '13023', 1)
insert into ThanhVienNhom values ('N017', '13024', 1)
insert into ThanhVienNhom values ('N017', '13025', 1)
												   
insert into ThanhVienNhom values ('N018', '13026', 1)
insert into ThanhVienNhom values ('N018', '13027', 1)
insert into ThanhVienNhom values ('N018', '13028', 1)
insert into ThanhVienNhom values ('N018', '13029', 1)
insert into ThanhVienNhom values ('N018', '13030', 1)
												   
insert into ThanhVienNhom values ('N019', '14005', 1)		
insert into ThanhVienNhom values ('N019', '14001', 1)
insert into ThanhVienNhom values ('N019', '14002', 1)
insert into ThanhVienNhom values ('N019', '14003', 1)
insert into ThanhVienNhom values ('N019', '14004', 1)
												   
insert into ThanhVienNhom values ('N020', '14010', 1)
insert into ThanhVienNhom values ('N020', '14006', 1)
insert into ThanhVienNhom values ('N020', '14007', 1)
insert into ThanhVienNhom values ('N020', '14008', 1)
insert into ThanhVienNhom values ('N020', '14009', 1)
												   
insert into ThanhVienNhom values ('N021', '14015', 1)
insert into ThanhVienNhom values ('N021', '14011', 1)
insert into ThanhVienNhom values ('N021', '14012', 1)
insert into ThanhVienNhom values ('N021', '14013', 1)
insert into ThanhVienNhom values ('N021', '14014', 1)
												   
insert into ThanhVienNhom values ('N022', '14020', 1)
insert into ThanhVienNhom values ('N022', '14016', 1)
insert into ThanhVienNhom values ('N022', '14017', 1)
insert into ThanhVienNhom values ('N022', '14018', 1)
insert into ThanhVienNhom values ('N022', '14019', 1)
												   
insert into ThanhVienNhom values ('N023', '14025', 1)
insert into ThanhVienNhom values ('N023', '14021', 1)
insert into ThanhVienNhom values ('N023', '14022', 1)
insert into ThanhVienNhom values ('N023', '14023', 1)
insert into ThanhVienNhom values ('N023', '14024', 1)
												   
insert into ThanhVienNhom values ('N024', '14030', 1)
insert into ThanhVienNhom values ('N024', '14026', 1)
insert into ThanhVienNhom values ('N024', '14027', 1)
insert into ThanhVienNhom values ('N024', '14028', 1)
insert into ThanhVienNhom values ('N024', '14029', 1)
												   
insert into ThanhVienNhom values ('N025', '11001', 1)
insert into ThanhVienNhom values ('N025', '11003', 1)
insert into ThanhVienNhom values ('N025', '11005', 1)
insert into ThanhVienNhom values ('N025', '11007', 1)
insert into ThanhVienNhom values ('N025', '11009', 1)
												   
insert into ThanhVienNhom values ('N026', '12002', 1)
insert into ThanhVienNhom values ('N026', '12004', 1)
insert into ThanhVienNhom values ('N026', '12006', 1)
insert into ThanhVienNhom values ('N026', '12008', 1)
insert into ThanhVienNhom values ('N026', '12010', 1)
												   
insert into ThanhVienNhom values ('N027', '13015', 1)
insert into ThanhVienNhom values ('N027', '13011', 1)
insert into ThanhVienNhom values ('N027', '13013', 1)
insert into ThanhVienNhom values ('N027', '13017', 1)
insert into ThanhVienNhom values ('N027', '13019', 1)
												   
insert into ThanhVienNhom values ('N028', '13021', 1)
insert into ThanhVienNhom values ('N028', '13023', 1)
insert into ThanhVienNhom values ('N028', '13025', 1)
insert into ThanhVienNhom values ('N028', '13027', 1)
insert into ThanhVienNhom values ('N028', '13029', 1)
												   
insert into ThanhVienNhom values ('N029', '14016', 1)
insert into ThanhVienNhom values ('N029', '14012', 1)
insert into ThanhVienNhom values ('N029', '14014', 1)
insert into ThanhVienNhom values ('N029', '14018', 1)
insert into ThanhVienNhom values ('N029', '14020', 1)
												   
insert into ThanhVienNhom values ('N030', '14028', 1)
insert into ThanhVienNhom values ('N030', '14022', 1)
insert into ThanhVienNhom values ('N030', '14024', 1)
insert into ThanhVienNhom values ('N030', '14026', 1)
insert into ThanhVienNhom values ('N030', '14030', 1)

--- DangKyDeNhom ---
insert into DangKyDeNhom values ('De006', 'CTT001', 'N001', 1)
insert into DangKyDeNhom values ('De006', 'CTT001', 'N003', 1)
insert into DangKyDeNhom values ('De006', 'CTT001', 'N005', 1)
insert into DangKyDeNhom values ('De007', 'CTT001', 'N002', 1)
insert into DangKyDeNhom values ('De007', 'CTT001', 'N004', 1)
insert into DangKyDeNhom values ('De007', 'CTT001', 'N006', 1)

insert into DangKyDeNhom values ('De008', 'CTT002', 'N007', 1)
insert into DangKyDeNhom values ('De008', 'CTT002', 'N008', 1)
insert into DangKyDeNhom values ('De008', 'CTT002', 'N009', 1)
insert into DangKyDeNhom values ('De009', 'CTT002', 'N010', 1)
insert into DangKyDeNhom values ('De009', 'CTT002', 'N011', 1)
insert into DangKyDeNhom values ('De009', 'CTT002', 'N012', 1)		
												
insert into DangKyDeNhom values ('De010', 'CTT003', 'N014', 1)
insert into DangKyDeNhom values ('De010', 'CTT003', 'N015', 1)
insert into DangKyDeNhom values ('De010', 'CTT003', 'N016', 1)
insert into DangKyDeNhom values ('De011', 'CTT003', 'N013', 1)
insert into DangKyDeNhom values ('De011', 'CTT003', 'N017', 1)
insert into DangKyDeNhom values ('De011', 'CTT003', 'N018', 1)												
													
insert into DangKyDeNhom values ('De012', 'CTT004', 'N020', 1)
insert into DangKyDeNhom values ('De012', 'CTT004', 'N021', 1)
insert into DangKyDeNhom values ('De012', 'CTT004', 'N022', 1)
insert into DangKyDeNhom values ('De013', 'CTT004', 'N019', 1)
insert into DangKyDeNhom values ('De013', 'CTT004', 'N023', 1)
insert into DangKyDeNhom values ('De013', 'CTT004', 'N024', 1)

insert into DangKyDeNhom values ('De014', 'CTT005', 'N027', 1)
insert into DangKyDeNhom values ('De014', 'CTT005', 'N029', 1)
insert into DangKyDeNhom values ('De014', 'CTT005', 'N030', 1)
insert into DangKyDeNhom values ('De015', 'CTT005', 'N025', 1)
insert into DangKyDeNhom values ('De015', 'CTT005', 'N026', 1)
insert into DangKyDeNhom values ('De015', 'CTT005', 'N028', 1)

insert into DangKyDeNhom values ('De016', 'CTT001', 'N001', 1)
insert into DangKyDeNhom values ('De016', 'CTT001', 'N002', 1)
insert into DangKyDeNhom values ('De016', 'CTT001', 'N003', 1)
insert into DangKyDeNhom values ('De017', 'CTT001', 'N004', 1)
insert into DangKyDeNhom values ('De017', 'CTT001', 'N005', 1)
insert into DangKyDeNhom values ('De017', 'CTT001', 'N006', 1)
													
insert into DangKyDeNhom values ('De018', 'CTT002', 'N007', 1)
insert into DangKyDeNhom values ('De018', 'CTT002', 'N011', 1)
insert into DangKyDeNhom values ('De018', 'CTT002', 'N012', 1)
insert into DangKyDeNhom values ('De019', 'CTT002', 'N008', 1)
insert into DangKyDeNhom values ('De019', 'CTT002', 'N009', 1)
insert into DangKyDeNhom values ('De019', 'CTT002', 'N010', 1)
														 								
insert into DangKyDeNhom values ('De020', 'CTT003', 'N016', 1)
insert into DangKyDeNhom values ('De020', 'CTT003', 'N017', 1)
insert into DangKyDeNhom values ('De020', 'CTT003', 'N018', 1)
insert into DangKyDeNhom values ('De021', 'CTT003', 'N013', 1)
insert into DangKyDeNhom values ('De021', 'CTT003', 'N014', 1)
insert into DangKyDeNhom values ('De021', 'CTT003', 'N015', 1)
														
insert into DangKyDeNhom values ('De022', 'CTT004', 'N021', 1)
insert into DangKyDeNhom values ('De022', 'CTT004', 'N022', 1)
insert into DangKyDeNhom values ('De022', 'CTT004', 'N023', 1)
insert into DangKyDeNhom values ('De023', 'CTT004', 'N019', 1)
insert into DangKyDeNhom values ('De023', 'CTT004', 'N020', 1)
insert into DangKyDeNhom values ('De023', 'CTT004', 'N024', 1)
														 
insert into DangKyDeNhom values ('De024', 'CTT005', 'N026', 1)
insert into DangKyDeNhom values ('De024', 'CTT005', 'N028', 1)
insert into DangKyDeNhom values ('De024', 'CTT005', 'N029', 1)
insert into DangKyDeNhom values ('De025', 'CTT005', 'N025', 1)
insert into DangKyDeNhom values ('De025', 'CTT005', 'N027', 1)
insert into DangKyDeNhom values ('De025', 'CTT005', 'N030', 1)

--- DangKyDeCaNhan ---
insert into DangKyDeCaNhan values ('De001', 'CTT001', '11001', 1)
insert into DangKyDeCaNhan values ('De001', 'CTT001', '11003', 1)
insert into DangKyDeCaNhan values ('De001', 'CTT001', '11005', 1)
insert into DangKyDeCaNhan values ('De001', 'CTT001', '11007', 1)
insert into DangKyDeCaNhan values ('De001', 'CTT001', '11009', 1)
insert into DangKyDeCaNhan values ('De001', 'CTT001', '11011', 1)
insert into DangKyDeCaNhan values ('De001', 'CTT001', '11013', 1)
insert into DangKyDeCaNhan values ('De001', 'CTT001', '11015', 1)
insert into DangKyDeCaNhan values ('De001', 'CTT001', '11017', 1)
insert into DangKyDeCaNhan values ('De001', 'CTT001', '11019', 1)
												  
insert into DangKyDeCaNhan values ('De002', 'CTT002', '12002', 1)
insert into DangKyDeCaNhan values ('De002', 'CTT002', '12004', 1)
insert into DangKyDeCaNhan values ('De002', 'CTT002', '12005', 1)
insert into DangKyDeCaNhan values ('De002', 'CTT002', '12008', 1)
insert into DangKyDeCaNhan values ('De002', 'CTT002', '12010', 1)
insert into DangKyDeCaNhan values ('De002', 'CTT002', '12012', 1)
insert into DangKyDeCaNhan values ('De002', 'CTT002', '12014', 1)
insert into DangKyDeCaNhan values ('De002', 'CTT002', '12016', 1)
insert into DangKyDeCaNhan values ('De002', 'CTT002', '12018', 1)
insert into DangKyDeCaNhan values ('De002', 'CTT002', '12020', 1)
												  
insert into DangKyDeCaNhan values ('De003', 'CTT003', '13003', 1)
insert into DangKyDeCaNhan values ('De003', 'CTT003', '13004', 1)
insert into DangKyDeCaNhan values ('De003', 'CTT003', '13007', 1)
insert into DangKyDeCaNhan values ('De003', 'CTT003', '13008', 1)
insert into DangKyDeCaNhan values ('De003', 'CTT003', '13011', 1)
insert into DangKyDeCaNhan values ('De003', 'CTT003', '13013', 1)
insert into DangKyDeCaNhan values ('De003', 'CTT003', '13019', 1)
insert into DangKyDeCaNhan values ('De003', 'CTT003', '13023', 1)
insert into DangKyDeCaNhan values ('De003', 'CTT003', '13026', 1)
insert into DangKyDeCaNhan values ('De003', 'CTT003', '13028', 1)
												  
insert into DangKyDeCaNhan values ('De004', 'CTT004', '14011', 1)
insert into DangKyDeCaNhan values ('De004', 'CTT004', '14014', 1)
insert into DangKyDeCaNhan values ('De004', 'CTT004', '14015', 1)
insert into DangKyDeCaNhan values ('De004', 'CTT004', '14017', 1)
insert into DangKyDeCaNhan values ('De004', 'CTT004', '14018', 1)
insert into DangKyDeCaNhan values ('De004', 'CTT004', '14021', 1)
insert into DangKyDeCaNhan values ('De004', 'CTT004', '14022', 1)
insert into DangKyDeCaNhan values ('De004', 'CTT004', '14023', 1)
insert into DangKyDeCaNhan values ('De004', 'CTT004', '14027', 1)
insert into DangKyDeCaNhan values ('De004', 'CTT004', '14030', 1)
												 
insert into DangKyDeCaNhan values ('De005', 'CTT005', '11003', 1)
insert into DangKyDeCaNhan values ('De005', 'CTT005', '11007', 1)
insert into DangKyDeCaNhan values ('De005', 'CTT005', '11009', 1)
insert into DangKyDeCaNhan values ('De005', 'CTT005', '12004', 1)
insert into DangKyDeCaNhan values ('De005', 'CTT005', '12008', 1)
insert into DangKyDeCaNhan values ('De005', 'CTT005', '13011', 1)
insert into DangKyDeCaNhan values ('De005', 'CTT005', '13017', 1)
insert into DangKyDeCaNhan values ('De005', 'CTT005', '13023', 1)
insert into DangKyDeCaNhan values ('De005', 'CTT005', '14016', 1)
insert into DangKyDeCaNhan values ('De005', 'CTT005', '14028', 1)

--select*from DangKyDeNhom where MaNhom = 'N011'
--select*from PhuTrachDe where MaDe='De008'
--select*From De_Mon where MaDe='De01'

--- QuanLiNhom ---
insert into QuanLiNhom values ('GV002', 'N001', 'De006', 'CTT001', 1)
insert into QuanLiNhom values ('GV002', 'N002', 'De016', 'CTT001', 1)
insert into QuanLiNhom values ('GV002', 'N003', 'De016', 'CTT001', 1)
insert into QuanLiNhom values ('GV003', 'N004', 'De017', 'CTT001', 1)
insert into QuanLiNhom values ('GV003', 'N005', 'De017', 'CTT001', 1)
insert into QuanLiNhom values ('GV003', 'N006', 'De007', 'CTT001', 1)

insert into QuanLiNhom values ('GV004', 'N007', 'De018', 'CTT002', 1)
insert into QuanLiNhom values ('GV004', 'N008', 'De008', 'CTT002', 1)
insert into QuanLiNhom values ('GV004', 'N009', 'De008', 'CTT002', 1)
insert into QuanLiNhom values ('GV005', 'N010', 'De009', 'CTT002', 1)
insert into QuanLiNhom values ('GV005', 'N011', 'De009', 'CTT002', 1)
insert into QuanLiNhom values ('GV005', 'N012', 'De009', 'CTT002', 1)

insert into QuanLiNhom values ('GV007', 'N013', 'De011', 'CTT003', 1) 
insert into QuanLiNhom values ('GV007', 'N014', 'De021', 'CTT003', 1)
insert into QuanLiNhom values ('GV007', 'N015', 'De021', 'CTT003', 1)
insert into QuanLiNhom values ('GV006', 'N016', 'De010', 'CTT003', 1)
insert into QuanLiNhom values ('GV007', 'N017', 'De011', 'CTT003', 1)
insert into QuanLiNhom values ('GV006', 'N018', 'De020', 'CTT003', 1) 

insert into QuanLiNhom values ('GV009', 'N019', 'De013', 'CTT004', 1)
insert into QuanLiNhom values ('GV008', 'N020', 'De012', 'CTT004', 1)
insert into QuanLiNhom values ('GV008', 'N021', 'De022', 'CTT004', 1)
insert into QuanLiNhom values ('GV008', 'N022', 'De012', 'CTT004', 1)
insert into QuanLiNhom values ('GV009', 'N023', 'De013', 'CTT004', 1)
insert into QuanLiNhom values ('GV009', 'N024', 'De023', 'CTT004', 1)

insert into QuanLiNhom values ('GV010', 'N025', 'De015', 'CTT005', 1) 
insert into QuanLiNhom values ('GV009', 'N026', 'De024', 'CTT005', 1)
insert into QuanLiNhom values ('GV010', 'N027', 'De025', 'CTT005', 1)
insert into QuanLiNhom values ('GV010', 'N028', 'De015', 'CTT005', 1)
insert into QuanLiNhom values ('GV009', 'N029', 'De014', 'CTT005', 1)
insert into QuanLiNhom values ('GV010', 'N030', 'De025', 'CTT005', 1)